"id","created_at","updated_at","name","reference","nationality","wiki_url"
1,"2023-10-19 18:53:40.615142","2023-10-19 18:53:40.615142","McLaren","mclaren","British","http://en.wikipedia.org/wiki/McLaren"
2,"2023-10-19 18:53:40.615142","2023-10-19 18:53:40.615142","BMW Sauber","bmw_sauber","German","http://en.wikipedia.org/wiki/BMW_Sauber"
3,"2023-10-19 18:53:40.615142","2023-10-19 18:53:40.615142","Williams","williams","British","http://en.wikipedia.org/wiki/Williams_Grand_Prix_Engineering"
4,"2023-10-19 18:53:40.615142","2023-10-19 18:53:40.615142","Renault","renault","French","http://en.wikipedia.org/wiki/Renault_in_Formula_One"
5,"2023-10-19 18:53:40.615142","2023-10-19 18:53:40.615142","Toro Rosso","toro_rosso","Italian","http://en.wikipedia.org/wiki/Scuderia_Toro_Rosso"
6,"2023-10-19 18:53:40.615142","2023-10-19 18:53:40.615142","Ferrari","ferrari","Italian","http://en.wikipedia.org/wiki/Scuderia_Ferrari"
7,"2023-10-19 18:53:40.615142","2023-10-19 18:53:40.615142","Toyota","toyota","Japanese","http://en.wikipedia.org/wiki/Toyota_Racing"
8,"2023-10-19 18:53:40.615142","2023-10-19 18:53:40.615142","Super Aguri","super_aguri","Japanese","http://en.wikipedia.org/wiki/Super_Aguri_F1"
9,"2023-10-19 18:53:40.615142","2023-10-19 18:53:40.615142","Red Bull","red_bull","Austrian","http://en.wikipedia.org/wiki/Red_Bull_Racing"
10,"2023-10-19 18:53:40.615142","2023-10-19 18:53:40.615142","Force India","force_india","Indian","http://en.wikipedia.org/wiki/Racing_Point_Force_India"
11,"2023-10-19 18:53:40.615142","2023-10-19 18:53:40.615142","Honda","honda","Japanese","http://en.wikipedia.org/wiki/Honda_Racing_F1"
12,"2023-10-19 18:53:40.615142","2023-10-19 18:53:40.615142","Spyker","spyker","Dutch","http://en.wikipedia.org/wiki/Spyker_F1"
13,"2023-10-19 18:53:40.615142","2023-10-19 18:53:40.615142","MF1","mf1","Russian","http://en.wikipedia.org/wiki/Midland_F1_Racing"
14,"2023-10-19 18:53:40.615142","2023-10-19 18:53:40.615142","Spyker MF1","spyker_mf1","Dutch","http://en.wikipedia.org/wiki/Midland_F1_Racing"
15,"2023-10-19 18:53:40.615142","2023-10-19 18:53:40.615142","Sauber","sauber","Swiss","http://en.wikipedia.org/wiki/Sauber"
16,"2023-10-19 18:53:40.615142","2023-10-19 18:53:40.615142","BAR","bar","British","http://en.wikipedia.org/wiki/British_American_Racing"
17,"2023-10-19 18:53:40.615142","2023-10-19 18:53:40.615142","Jordan","jordan","Irish","http://en.wikipedia.org/wiki/Jordan_Grand_Prix"
18,"2023-10-19 18:53:40.615142","2023-10-19 18:53:40.615142","Minardi","minardi","Italian","http://en.wikipedia.org/wiki/Minardi"
19,"2023-10-19 18:53:40.615142","2023-10-19 18:53:40.615142","Jaguar","jaguar","British","http://en.wikipedia.org/wiki/Jaguar_Racing"
20,"2023-10-19 18:53:40.615142","2023-10-19 18:53:40.615142","Prost","prost","French","http://en.wikipedia.org/wiki/Prost_Grand_Prix"
21,"2023-10-19 18:53:40.615142","2023-10-19 18:53:40.615142","Arrows","arrows","British","http://en.wikipedia.org/wiki/Arrows_Grand_Prix_International"
22,"2023-10-19 18:53:40.615142","2023-10-19 18:53:40.615142","Benetton","benetton","Italian","http://en.wikipedia.org/wiki/Benetton_Formula"
23,"2023-10-19 18:53:40.615142","2023-10-19 18:53:40.615142","Brawn","brawn","British","http://en.wikipedia.org/wiki/Brawn_GP"
24,"2023-10-19 18:53:40.615142","2023-10-19 18:53:40.615142","Stewart","stewart","British","http://en.wikipedia.org/wiki/Stewart_Grand_Prix"
25,"2023-10-19 18:53:40.615142","2023-10-19 18:53:40.615142","Tyrrell","tyrrell","British","http://en.wikipedia.org/wiki/Tyrrell_Racing"
26,"2023-10-19 18:53:40.615142","2023-10-19 18:53:40.615142","Lola","lola","British","http://en.wikipedia.org/wiki/MasterCard_Lola"
27,"2023-10-19 18:53:40.615142","2023-10-19 18:53:40.615142","Ligier","ligier","French","http://en.wikipedia.org/wiki/Ligier"
28,"2023-10-19 18:53:40.615142","2023-10-19 18:53:40.615142","Forti","forti","Italian","http://en.wikipedia.org/wiki/Forti"
29,"2023-10-19 18:53:40.615142","2023-10-19 18:53:40.615142","Footwork","footwork","British","http://en.wikipedia.org/wiki/Footwork_Arrows"
30,"2023-10-19 18:53:40.615142","2023-10-19 18:53:40.615142","Pacific","pacific","British","http://en.wikipedia.org/wiki/Pacific_Racing"
31,"2023-10-19 18:53:40.615142","2023-10-19 18:53:40.615142","Simtek","simtek","British","http://en.wikipedia.org/wiki/Simtek"
32,"2023-10-19 18:53:40.615142","2023-10-19 18:53:40.615142","Team Lotus","team_lotus","British","http://en.wikipedia.org/wiki/Team_Lotus"
33,"2023-10-19 18:53:40.615142","2023-10-19 18:53:40.615142","Larrousse","larrousse","French","http://en.wikipedia.org/wiki/Larrousse"
34,"2023-10-19 18:53:40.615142","2023-10-19 18:53:40.615142","Brabham","brabham","British","http://en.wikipedia.org/wiki/Brabham"
35,"2023-10-19 18:53:40.615142","2023-10-19 18:53:40.615142","Dallara","dallara","Italian","http://en.wikipedia.org/wiki/Dallara"
36,"2023-10-19 18:53:40.615142","2023-10-19 18:53:40.615142","Fondmetal","fondmetal","Italian","http://en.wikipedia.org/wiki/Fondmetal"
37,"2023-10-19 18:53:40.615142","2023-10-19 18:53:40.615142","March","march","British","http://en.wikipedia.org/wiki/March_Engineering"
38,"2023-10-19 18:53:40.615142","2023-10-19 18:53:40.615142","Andrea Moda","moda","Italian","http://en.wikipedia.org/wiki/Andrea_Moda_Formula"
39,"2023-10-19 18:53:40.615142","2023-10-19 18:53:40.615142","AGS","ags","French","http://en.wikipedia.org/wiki/Automobiles_Gonfaronnaises_Sportives"
40,"2023-10-19 18:53:40.615142","2023-10-19 18:53:40.615142","Lambo","lambo","Italian","http://en.wikipedia.org/wiki/Modena_(racing_team)"
41,"2023-10-19 18:53:40.615142","2023-10-19 18:53:40.615142","Leyton House","leyton","British","http://en.wikipedia.org/wiki/Leyton_House"
42,"2023-10-19 18:53:40.615142","2023-10-19 18:53:40.615142","Coloni","coloni","Italian","http://en.wikipedia.org/wiki/Enzo_Coloni_Racing_Car_Systems"
44,"2023-10-19 18:53:40.615142","2023-10-19 18:53:40.615142","Euro Brun","eurobrun","Italian","http://en.wikipedia.org/wiki/Euro_Brun"
45,"2023-10-19 18:53:40.615142","2023-10-19 18:53:40.615142","Osella","osella","Italian","http://en.wikipedia.org/wiki/Osella"
46,"2023-10-19 18:53:40.615142","2023-10-19 18:53:40.615142","Onyx","onyx","British","http://en.wikipedia.org/wiki/Onyx_(racing_team)"
47,"2023-10-19 18:53:40.615142","2023-10-19 18:53:40.615142","Life","life","Italian","http://en.wikipedia.org/wiki/Life_(Racing_Team)"
48,"2023-10-19 18:53:40.615142","2023-10-19 18:53:40.615142","Rial","rial","German","http://en.wikipedia.org/wiki/Rial_%28racing_team%29"
49,"2023-10-19 18:53:40.615142","2023-10-19 18:53:40.615142","Zakspeed","zakspeed","German","http://en.wikipedia.org/wiki/Zakspeed"
50,"2023-10-19 18:53:40.615142","2023-10-19 18:53:40.615142","RAM","ram","British","http://en.wikipedia.org/wiki/RAM_Racing"
51,"2023-10-19 18:53:40.615142","2023-10-19 18:53:40.615142","Alfa Romeo","alfa","Swiss","http://en.wikipedia.org/wiki/Alfa_Romeo_in_Formula_One"
52,"2023-10-19 18:53:40.615142","2023-10-19 18:53:40.615142","Spirit","spirit","British","http://en.wikipedia.org/wiki/Spirit_(racing_team)"
53,"2023-10-19 18:53:40.615142","2023-10-19 18:53:40.615142","Toleman","toleman","British","http://en.wikipedia.org/wiki/Toleman"
54,"2023-10-19 18:53:40.615142","2023-10-19 18:53:40.615142","ATS","ats","Italian","http://en.wikipedia.org/wiki/ATS_(wheels)"
55,"2023-10-19 18:53:40.615142","2023-10-19 18:53:40.615142","Theodore","theodore","Hong Kong","http://en.wikipedia.org/wiki/Theodore_Racing"
56,"2023-10-19 18:53:40.615142","2023-10-19 18:53:40.615142","Fittipaldi","fittipaldi","Brazilian","http://en.wikipedia.org/wiki/Fittipaldi_%28constructor%29"
57,"2023-10-19 18:53:40.615142","2023-10-19 18:53:40.615142","Ensign","ensign","British","http://en.wikipedia.org/wiki/Ensign_%28racing_team%29"
58,"2023-10-19 18:53:40.615142","2023-10-19 18:53:40.615142","Shadow","shadow","British","http://en.wikipedia.org/wiki/Shadow_Racing_Cars"
59,"2023-10-19 18:53:40.615142","2023-10-19 18:53:40.615142","Wolf","wolf","Canadian","http://en.wikipedia.org/wiki/Walter_Wolf_Racing"
60,"2023-10-19 18:53:40.615142","2023-10-19 18:53:40.615142","Merzario","merzario","Italian","http://en.wikipedia.org/wiki/Merzario"
61,"2023-10-19 18:53:40.615142","2023-10-19 18:53:40.615142","Kauhsen","kauhsen","German","http://en.wikipedia.org/wiki/Kauhsen"
62,"2023-10-19 18:53:40.615142","2023-10-19 18:53:40.615142","Rebaque","rebaque","Mexican","http://en.wikipedia.org/wiki/Rebaque"
63,"2023-10-19 18:53:40.615142","2023-10-19 18:53:40.615142","Surtees","surtees","British","http://en.wikipedia.org/wiki/Surtees"
64,"2023-10-19 18:53:40.615142","2023-10-19 18:53:40.615142","Hesketh","hesketh","British","http://en.wikipedia.org/wiki/Hesketh_Racing"
65,"2023-10-19 18:53:40.615142","2023-10-19 18:53:40.615142","Martini","martini","French","http://en.wikipedia.org/wiki/Martini_(cars)"
66,"2023-10-19 18:53:40.615142","2023-10-19 18:53:40.615142","BRM","brm","British","http://en.wikipedia.org/wiki/BRM"
67,"2023-10-19 18:53:40.615142","2023-10-19 18:53:40.615142","Penske","penske","American","http://en.wikipedia.org/wiki/Penske_Racing"
68,"2023-10-19 18:53:40.615142","2023-10-19 18:53:40.615142","LEC","lec","British","http://en.wikipedia.org/wiki/LEC_(Formula_One)"
69,"2023-10-19 18:53:40.615142","2023-10-19 18:53:40.615142","McGuire","mcguire","Australian","http://en.wikipedia.org/wiki/McGuire_(Formula_One)"
70,"2023-10-19 18:53:40.615142","2023-10-19 18:53:40.615142","Boro","boro","Dutch","http://en.wikipedia.org/wiki/Boro_(Formula_One)"
71,"2023-10-19 18:53:40.615142","2023-10-19 18:53:40.615142","Apollon","apollon","Swiss","http://en.wikipedia.org/wiki/Apollon_(Formula_One)"
72,"2023-10-19 18:53:40.615142","2023-10-19 18:53:40.615142","Kojima","kojima","Japanese","http://en.wikipedia.org/wiki/Kojima_Engineering"
73,"2023-10-19 18:53:40.615142","2023-10-19 18:53:40.615142","Parnelli","parnelli","American","http://en.wikipedia.org/wiki/Parnelli"
74,"2023-10-19 18:53:40.615142","2023-10-19 18:53:40.615142","Maki","maki","Japanese","http://en.wikipedia.org/wiki/Maki_(cars)"
75,"2023-10-19 18:53:40.615142","2023-10-19 18:53:40.615142","Embassy Hill","hill","British","http://en.wikipedia.org/wiki/Hill_(constructor)"
76,"2023-10-19 18:53:40.615142","2023-10-19 18:53:40.615142","Lyncar","lyncar","British","http://en.wikipedia.org/wiki/Lyncar"
77,"2023-10-19 18:53:40.615142","2023-10-19 18:53:40.615142","Trojan","trojan","British","http://en.wikipedia.org/wiki/Trojan_(Racing_team)"
78,"2023-10-19 18:53:40.615142","2023-10-19 18:53:40.615142","Amon","amon","New Zealander","http://en.wikipedia.org/wiki/Amon_(Formula_One_team)"
79,"2023-10-19 18:53:40.615142","2023-10-19 18:53:40.615142","Token","token","British","http://en.wikipedia.org/wiki/Token_(Racing_team)"
80,"2023-10-19 18:53:40.615142","2023-10-19 18:53:40.615142","Iso Marlboro","iso_marlboro","British","http://en.wikipedia.org/wiki/Iso_Marlboro"
81,"2023-10-19 18:53:40.615142","2023-10-19 18:53:40.615142","Tecno","tecno","Italian","http://en.wikipedia.org/wiki/Tecno"
82,"2023-10-19 18:53:40.615142","2023-10-19 18:53:40.615142","Matra","matra","French","http://en.wikipedia.org/wiki/Matra"
83,"2023-10-19 18:53:40.615142","2023-10-19 18:53:40.615142","Politoys","politoys","British","http://en.wikipedia.org/wiki/Frank_Williams_Racing_Cars"
84,"2023-10-19 18:53:40.615142","2023-10-19 18:53:40.615142","Connew","connew","British","http://en.wikipedia.org/wiki/Connew"
85,"2023-10-19 18:53:40.615142","2023-10-19 18:53:40.615142","Bellasi","bellasi","Swiss","http://en.wikipedia.org/wiki/Bellasi"
86,"2023-10-19 18:53:40.615142","2023-10-19 18:53:40.615142","De Tomaso","tomaso","Italian","http://en.wikipedia.org/wiki/De_Tomaso"
87,"2023-10-19 18:53:40.615142","2023-10-19 18:53:40.615142","Cooper","cooper","British","http://en.wikipedia.org/wiki/Cooper_Car_Company"
88,"2023-10-19 18:53:40.615142","2023-10-19 18:53:40.615142","Eagle","eagle","American","http://en.wikipedia.org/wiki/Anglo_American_Racers"
89,"2023-10-19 18:53:40.615142","2023-10-19 18:53:40.615142","LDS","lds","South African","http://en.wikipedia.org/wiki/LDS_(automobile)"
90,"2023-10-19 18:53:40.615142","2023-10-19 18:53:40.615142","Protos","protos","British","http://en.wikipedia.org/wiki/Protos_(constructor)"
91,"2023-10-19 18:53:40.615142","2023-10-19 18:53:40.615142","Shannon","shannon","British","http://en.wikipedia.org/wiki/Shannon_(Formula_One)"
92,"2023-10-19 18:53:40.615142","2023-10-19 18:53:40.615142","Scirocco","scirocco","British","http://en.wikipedia.org/wiki/Scirocco-Powell"
93,"2023-10-19 18:53:40.615142","2023-10-19 18:53:40.615142","RE","re","Rhodesian","http://en.wikipedia.org/wiki/RE_%28automobile%29"
94,"2023-10-19 18:53:40.615142","2023-10-19 18:53:40.615142","BRP","brp","British","http://en.wikipedia.org/wiki/British_Racing_Partnership"
95,"2023-10-19 18:53:40.615142","2023-10-19 18:53:40.615142","Porsche","porsche","German","http://en.wikipedia.org/wiki/Porsche_in_Formula_One"
96,"2023-10-19 18:53:40.615142","2023-10-19 18:53:40.615142","Derrington","derrington","British","http://en.wikipedia.org/wiki/Derrington-Francis"
97,"2023-10-19 18:53:40.615142","2023-10-19 18:53:40.615142","Gilby","gilby","British","http://en.wikipedia.org/wiki/Gilby"
98,"2023-10-19 18:53:40.615142","2023-10-19 18:53:40.615142","Stebro","stebro","Canadian","http://en.wikipedia.org/wiki/Stebro"
99,"2023-10-19 18:53:40.615142","2023-10-19 18:53:40.615142","Emeryson","emeryson","British","http://en.wikipedia.org/wiki/Emeryson"
100,"2023-10-19 18:53:40.615142","2023-10-19 18:53:40.615142","ENB","enb","Belgian","http://en.wikipedia.org/wiki/Ecurie_Nationale_Belge"
101,"2023-10-19 18:53:40.615142","2023-10-19 18:53:40.615142","JBW","jbw","British","http://en.wikipedia.org/wiki/JBW"
102,"2023-10-19 18:53:40.615142","2023-10-19 18:53:40.615142","Ferguson","ferguson","British","http://en.wikipedia.org/wiki/Ferguson_Research_Ltd."
103,"2023-10-19 18:53:40.615142","2023-10-19 18:53:40.615142","MBM","mbm","Swiss","http://en.wikipedia.org/wiki/Monteverdi_Basel_Motors"
104,"2023-10-19 18:53:40.615142","2023-10-19 18:53:40.615142","Behra-Porsche","behra-porsche","Italian","http://en.wikipedia.org/wiki/Behra-Porsche"
105,"2023-10-19 18:53:40.615142","2023-10-19 18:53:40.615142","Maserati","maserati","Italian","http://en.wikipedia.org/wiki/Maserati"
106,"2023-10-19 18:53:40.615142","2023-10-19 18:53:40.615142","Scarab","scarab","American","http://en.wikipedia.org/wiki/Scarab_(constructor)"
107,"2023-10-19 18:53:40.615142","2023-10-19 18:53:40.615142","Watson","watson","American","http://en.wikipedia.org/wiki/A.J._Watson"
108,"2023-10-19 18:53:40.615142","2023-10-19 18:53:40.615142","Epperly","epperly","American","http://en.wikipedia.org/wiki/Epperly"
109,"2023-10-19 18:53:40.615142","2023-10-19 18:53:40.615142","Phillips","phillips","American","http://en.wikipedia.org/wiki/Phillips_(constructor)"
110,"2023-10-19 18:53:40.615142","2023-10-19 18:53:40.615142","Lesovsky","lesovsky","American","http://en.wikipedia.org/wiki/Lesovsky"
111,"2023-10-19 18:53:40.615142","2023-10-19 18:53:40.615142","Trevis","trevis","American","http://en.wikipedia.org/wiki/Trevis"
112,"2023-10-19 18:53:40.615142","2023-10-19 18:53:40.615142","Meskowski","meskowski","American","http://en.wikipedia.org/wiki/Meskowski"
113,"2023-10-19 18:53:40.615142","2023-10-19 18:53:40.615142","Kurtis Kraft","kurtis_kraft","American","http://en.wikipedia.org/wiki/Kurtis_Kraft"
114,"2023-10-19 18:53:40.615142","2023-10-19 18:53:40.615142","Kuzma","kuzma","American","http://en.wikipedia.org/wiki/Kuzma_(constructor)"
115,"2023-10-19 18:53:40.615142","2023-10-19 18:53:40.615142","Christensen","vhristensen","American","http://en.wikipedia.org/wiki/Christensen_(constructor)"
116,"2023-10-19 18:53:40.615142","2023-10-19 18:53:40.615142","Ewing","ewing","American","http://en.wikipedia.org/wiki/Ewing_(constructor)"
117,"2023-10-19 18:53:40.615142","2023-10-19 18:53:40.615142","Aston Martin","aston_martin","British","http://en.wikipedia.org/wiki/Aston_Martin_in_Formula_One"
118,"2023-10-19 18:53:40.615142","2023-10-19 18:53:40.615142","Vanwall","vanwall","British","http://en.wikipedia.org/wiki/Vanwall"
119,"2023-10-19 18:53:40.615142","2023-10-19 18:53:40.615142","Moore","moore","American","http://en.wikipedia.org/wiki/Moore_(constructor)"
120,"2023-10-19 18:53:40.615142","2023-10-19 18:53:40.615142","Dunn","dunn","American","http://en.wikipedia.org/wiki/Dunn_Engineering"
121,"2023-10-19 18:53:40.615142","2023-10-19 18:53:40.615142","Elder","elder","American","http://en.wikipedia.org/wiki/Elder_(constructor)"
122,"2023-10-19 18:53:40.615142","2023-10-19 18:53:40.615142","Sutton","sutton","American","http://en.wikipedia.org/wiki/Sutton_(constructor)"
123,"2023-10-19 18:53:40.615142","2023-10-19 18:53:40.615142","Fry","fry","British","http://en.wikipedia.org/wiki/Fry_(racing_team)"
124,"2023-10-19 18:53:40.615142","2023-10-19 18:53:40.615142","Tec-Mec","tec-mec","Italian","http://en.wikipedia.org/wiki/Tec-Mec"
125,"2023-10-19 18:53:40.615142","2023-10-19 18:53:40.615142","Connaught","connaught","British","http://en.wikipedia.org/wiki/Connaught_Engineering"
126,"2023-10-19 18:53:40.615142","2023-10-19 18:53:40.615142","Alta","alta","British","http://en.wikipedia.org/wiki/Alta_auto_racing_team"
127,"2023-10-19 18:53:40.615142","2023-10-19 18:53:40.615142","OSCA","osca","Italian","http://en.wikipedia.org/wiki/Officine_Specializate_Costruzione_Automobili"
128,"2023-10-19 18:53:40.615142","2023-10-19 18:53:40.615142","Gordini","gordini","French","http://en.wikipedia.org/wiki/Gordini"
129,"2023-10-19 18:53:40.615142","2023-10-19 18:53:40.615142","Stevens","stevens","American","http://en.wikipedia.org/wiki/Stevens_(constructor)"
130,"2023-10-19 18:53:40.615142","2023-10-19 18:53:40.615142","Bugatti","bugatti","French","http://en.wikipedia.org/wiki/Bugatti"
131,"2023-10-19 18:53:40.615142","2023-10-19 18:53:40.615142","Mercedes","mercedes","German","http://en.wikipedia.org/wiki/Mercedes-Benz_in_Formula_One"
132,"2023-10-19 18:53:40.615142","2023-10-19 18:53:40.615142","Lancia","lancia","Italian","http://en.wikipedia.org/wiki/Lancia_in_Formula_One"
133,"2023-10-19 18:53:40.615142","2023-10-19 18:53:40.615142","HWM","hwm","British","http://en.wikipedia.org/wiki/Hersham_and_Walton_Motors"
134,"2023-10-19 18:53:40.615142","2023-10-19 18:53:40.615142","Schroeder","schroeder","American","http://en.wikipedia.org/wiki/Schroeder_(constructor)"
135,"2023-10-19 18:53:40.615142","2023-10-19 18:53:40.615142","Pawl","pawl","American","http://en.wikipedia.org/wiki/Pawl_(constructor)"
136,"2023-10-19 18:53:40.615142","2023-10-19 18:53:40.615142","Pankratz","pankratz","American","http://en.wikipedia.org/wiki/Pankratz"
137,"2023-10-19 18:53:40.615142","2023-10-19 18:53:40.615142","Arzani-Volpini","arzani-volpini","Italian","http://en.wikipedia.org/wiki/Arzani-Volpini"
138,"2023-10-19 18:53:40.615142","2023-10-19 18:53:40.615142","Nichels","nichels","American","http://en.wikipedia.org/wiki/Nichels"
139,"2023-10-19 18:53:40.615142","2023-10-19 18:53:40.615142","Bromme","bromme","American","http://en.wikipedia.org/wiki/Bromme"
140,"2023-10-19 18:53:40.615142","2023-10-19 18:53:40.615142","Klenk","klenk","German","http://en.wikipedia.org/wiki/Klenk"
141,"2023-10-19 18:53:40.615142","2023-10-19 18:53:40.615142","Simca","simca","French","http://en.wikipedia.org/wiki/Simca"
142,"2023-10-19 18:53:40.615142","2023-10-19 18:53:40.615142","Turner","turner","American","http://en.wikipedia.org/wiki/Turner_(constructor)"
143,"2023-10-19 18:53:40.615142","2023-10-19 18:53:40.615142","Del Roy","del_roy","American","http://en.wikipedia.org/wiki/Del_Roy"
144,"2023-10-19 18:53:40.615142","2023-10-19 18:53:40.615142","Veritas","veritas","German","http://en.wikipedia.org/wiki/Veritas_(constructor)"
145,"2023-10-19 18:53:40.615142","2023-10-19 18:53:40.615142","BMW","bmw","German","http://en.wikipedia.org/wiki/BMW"
146,"2023-10-19 18:53:40.615142","2023-10-19 18:53:40.615142","EMW","emw","East German","http://en.wikipedia.org/wiki/Eisenacher_Motorenwerk"
147,"2023-10-19 18:53:40.615142","2023-10-19 18:53:40.615142","AFM","afm","German","http://en.wikipedia.org/wiki/Alex_von_Falkenhausen_Motorenbau"
148,"2023-10-19 18:53:40.615142","2023-10-19 18:53:40.615142","Frazer Nash","frazer_nash","British","http://en.wikipedia.org/wiki/Frazer_Nash"
149,"2023-10-19 18:53:40.615142","2023-10-19 18:53:40.615142","Sherman","sherman","American","http://en.wikipedia.org/wiki/Sherman_(constructor)"
150,"2023-10-19 18:53:40.615142","2023-10-19 18:53:40.615142","Deidt","deidt","American","http://en.wikipedia.org/wiki/Deidt"
151,"2023-10-19 18:53:40.615142","2023-10-19 18:53:40.615142","ERA","era","British","http://en.wikipedia.org/wiki/English_Racing_Automobiles"
152,"2023-10-19 18:53:40.615142","2023-10-19 18:53:40.615142","Aston Butterworth","butterworth","British","http://en.wikipedia.org/wiki/Aston_Butterworth"
153,"2023-10-19 18:53:40.615142","2023-10-19 18:53:40.615142","Cisitalia","cisitalia","Italian","http://en.wikipedia.org/wiki/Cisitalia"
154,"2023-10-19 18:53:40.615142","2023-10-19 18:53:40.615142","Talbot-Lago","lago","French","http://en.wikipedia.org/wiki/Talbot-Lago"
155,"2023-10-19 18:53:40.615142","2023-10-19 18:53:40.615142","Hall","hall","American","http://en.wikipedia.org/wiki/Hall_(constructor)"
156,"2023-10-19 18:53:40.615142","2023-10-19 18:53:40.615142","Marchese","marchese","American","http://en.wikipedia.org/wiki/Marchese_(constructor)"
157,"2023-10-19 18:53:40.615142","2023-10-19 18:53:40.615142","Langley","langley","American","http://en.wikipedia.org/wiki/Langley_(constructor)"
158,"2023-10-19 18:53:40.615142","2023-10-19 18:53:40.615142","Rae","rae","American","http://en.wikipedia.org/wiki/Rae_(motorsport)"
159,"2023-10-19 18:53:40.615142","2023-10-19 18:53:40.615142","Olson","olson","American","http://en.wikipedia.org/wiki/Olson_(constructor)"
160,"2023-10-19 18:53:40.615142","2023-10-19 18:53:40.615142","Wetteroth","wetteroth","American","http://en.wikipedia.org/wiki/Wetteroth"
161,"2023-10-19 18:53:40.615142","2023-10-19 18:53:40.615142","Adams","adams","American","http://en.wikipedia.org/wiki/Adams_(constructor)"
162,"2023-10-19 18:53:40.615142","2023-10-19 18:53:40.615142","Snowberger","snowberger","American","http://en.wikipedia.org/wiki/Snowberger"
163,"2023-10-19 18:53:40.615142","2023-10-19 18:53:40.615142","Milano","milano","Italian","http://en.wikipedia.org/wiki/Scuderia_Milano"
164,"2023-10-19 18:53:40.615142","2023-10-19 18:53:40.615142","HRT","hrt","Spanish","http://en.wikipedia.org/wiki/Hispania_Racing"
167,"2023-10-19 18:53:40.615142","2023-10-19 18:53:40.615142","Cooper-Maserati","cooper-maserati","British","http://en.wikipedia.org/wiki/Cooper_Car_Company"
166,"2023-10-19 18:53:40.615142","2023-10-19 18:53:40.615142","Virgin","virgin","British","http://en.wikipedia.org/wiki/Virgin_Racing"
168,"2023-10-19 18:53:40.615142","2023-10-19 18:53:40.615142","Cooper-OSCA","cooper-osca","British","http://en.wikipedia.org/wiki/Cooper_Car_Company"
169,"2023-10-19 18:53:40.615142","2023-10-19 18:53:40.615142","Cooper-Borgward","cooper-borgward","British","http://en.wikipedia.org/wiki/Cooper_Car_Company"
170,"2023-10-19 18:53:40.615142","2023-10-19 18:53:40.615142","Cooper-Climax","cooper-climax","British","http://en.wikipedia.org/wiki/Cooper_Car_Company"
171,"2023-10-19 18:53:40.615142","2023-10-19 18:53:40.615142","Cooper-Castellotti","cooper-castellotti","British","http://en.wikipedia.org/wiki/Cooper_Car_Company"
172,"2023-10-19 18:53:40.615142","2023-10-19 18:53:40.615142","Lotus-Climax","lotus-climax","British","http://en.wikipedia.org/wiki/Team_Lotus"
173,"2023-10-19 18:53:40.615142","2023-10-19 18:53:40.615142","Lotus-Maserati","lotus-maserati","British","http://en.wikipedia.org/wiki/Team_Lotus"
174,"2023-10-19 18:53:40.615142","2023-10-19 18:53:40.615142","De Tomaso-Osca","de_tomaso-osca","Italian","http://en.wikipedia.org/wiki/De_Tomaso"
175,"2023-10-19 18:53:40.615142","2023-10-19 18:53:40.615142","De Tomaso-Alfa Romeo","de_tomaso-alfa_romeo","Italian","http://en.wikipedia.org/wiki/De_Tomaso"
176,"2023-10-19 18:53:40.615142","2023-10-19 18:53:40.615142","Lotus-BRM","lotus-brm","British","http://en.wikipedia.org/wiki/Team_Lotus"
177,"2023-10-19 18:53:40.615142","2023-10-19 18:53:40.615142","Lotus-Borgward","lotus-borgward","British","http://en.wikipedia.org/wiki/Team_Lotus"
178,"2023-10-19 18:53:40.615142","2023-10-19 18:53:40.615142","Cooper-Alfa Romeo","cooper-alfa_romeo","British","http://en.wikipedia.org/wiki/Cooper_Car_Company"
179,"2023-10-19 18:53:40.615142","2023-10-19 18:53:40.615142","De Tomaso-Ferrari","de_tomaso-ferrari","Italian","http://en.wikipedia.org/wiki/De_Tomaso"
180,"2023-10-19 18:53:40.615142","2023-10-19 18:53:40.615142","Lotus-Ford","lotus-ford","British","http://en.wikipedia.org/wiki/Team_Lotus"
181,"2023-10-19 18:53:40.615142","2023-10-19 18:53:40.615142","Brabham-BRM","brabham-brm","British","http://en.wikipedia.org/wiki/Brabham"
182,"2023-10-19 18:53:40.615142","2023-10-19 18:53:40.615142","Brabham-Ford","brabham-ford","British","http://en.wikipedia.org/wiki/Brabham"
183,"2023-10-19 18:53:40.615142","2023-10-19 18:53:40.615142","Brabham-Climax","brabham-climax","British","http://en.wikipedia.org/wiki/Brabham"
184,"2023-10-19 18:53:40.615142","2023-10-19 18:53:40.615142","LDS-Climax","lds-climax","South African","http://en.wikipedia.org/wiki/LDS_(automobile)"
185,"2023-10-19 18:53:40.615142","2023-10-19 18:53:40.615142","LDS-Alfa Romeo","lds-alfa_romeo","South African","http://en.wikipedia.org/wiki/LDS_(automobile)"
186,"2023-10-19 18:53:40.615142","2023-10-19 18:53:40.615142","Cooper-Ford","cooper-ford","British","http://en.wikipedia.org/wiki/Cooper_Car_Company"
187,"2023-10-19 18:53:40.615142","2023-10-19 18:53:40.615142","McLaren-Ford","mclaren-ford","British","http://en.wikipedia.org/wiki/Team_McLaren"
188,"2023-10-19 18:53:40.615142","2023-10-19 18:53:40.615142","McLaren-Serenissima","mclaren-seren","British","http://en.wikipedia.org/wiki/Team_McLaren"
189,"2023-10-19 18:53:40.615142","2023-10-19 18:53:40.615142","Eagle-Climax","eagle-climax","American","http://en.wikipedia.org/wiki/Anglo_American_Racers"
190,"2023-10-19 18:53:40.615142","2023-10-19 18:53:40.615142","Eagle-Weslake","eagle-weslake","American","http://en.wikipedia.org/wiki/Anglo_American_Racers"
191,"2023-10-19 18:53:40.615142","2023-10-19 18:53:40.615142","Brabham-Repco","brabham-repco","British","http://en.wikipedia.org/wiki/Brabham"
192,"2023-10-19 18:53:40.615142","2023-10-19 18:53:40.615142","Cooper-Ferrari","cooper-ferrari","British","http://en.wikipedia.org/wiki/Cooper_Car_Company"
193,"2023-10-19 18:53:40.615142","2023-10-19 18:53:40.615142","Cooper-ATS","cooper-ats","British","http://en.wikipedia.org/wiki/Cooper_Car_Company"
194,"2023-10-19 18:53:40.615142","2023-10-19 18:53:40.615142","McLaren-BRM","mclaren-brm","British","http://en.wikipedia.org/wiki/McLaren_(racing)"
195,"2023-10-19 18:53:40.615142","2023-10-19 18:53:40.615142","Cooper-BRM","cooper-brm","British","http://en.wikipedia.org/wiki/Cooper_Car_Company"
196,"2023-10-19 18:53:40.615142","2023-10-19 18:53:40.615142","Matra-Ford","matra-ford","French","http://en.wikipedia.org/wiki/Matra"
197,"2023-10-19 18:53:40.615142","2023-10-19 18:53:40.615142","BRM-Ford","brm-ford","British","http://en.wikipedia.org/wiki/BRM"
198,"2023-10-19 18:53:40.615142","2023-10-19 18:53:40.615142","McLaren-Alfa Romeo","mclaren-alfa_romeo","British","http://en.wikipedia.org/wiki/McLaren_(racing)"
199,"2023-10-19 18:53:40.615142","2023-10-19 18:53:40.615142","March-Alfa Romeo","march-alfa_romeo","British","http://en.wikipedia.org/wiki/March_Engineering"
200,"2023-10-19 18:53:40.615142","2023-10-19 18:53:40.615142","March-Ford","march-ford","British","http://en.wikipedia.org/wiki/March_Engineering"
201,"2023-10-19 18:53:40.615142","2023-10-19 18:53:40.615142","Lotus-Pratt &amp; Whitney","lotus-pw","British","http://en.wikipedia.org/wiki/Team_Lotus"
202,"2023-10-19 18:53:40.615142","2023-10-19 18:53:40.615142","Shadow-Ford","shadow-ford","British","http://en.wikipedia.org/wiki/Shadow_Racing_Cars"
203,"2023-10-19 18:53:40.615142","2023-10-19 18:53:40.615142","Shadow-Matra","shadow-matra","British","http://en.wikipedia.org/wiki/Shadow_Racing_Cars"
204,"2023-10-19 18:53:40.615142","2023-10-19 18:53:40.615142","Brabham-Alfa Romeo","brabham-alfa_romeo","British","http://en.wikipedia.org/wiki/Brabham"
205,"2023-10-19 18:53:40.615142","2023-10-19 18:53:40.615142","Lotus","lotus_racing","Malaysian","http://en.wikipedia.org/wiki/Lotus_Racing"
206,"2023-10-19 18:53:40.615142","2023-10-19 18:53:40.615142","Marussia","marussia","Russian","http://en.wikipedia.org/wiki/Marussia_F1"
207,"2023-10-19 18:53:40.615142","2023-10-19 18:53:40.615142","Caterham","caterham","Malaysian","http://en.wikipedia.org/wiki/Caterham_F1"
208,"2023-10-19 18:53:40.615142","2023-10-19 18:53:40.615142","Lotus F1","lotus_f1","British","http://en.wikipedia.org/wiki/Lotus_F1"
209,"2023-10-19 18:53:40.615142","2023-10-19 18:53:40.615142","Manor Marussia","manor","British","http://en.wikipedia.org/wiki/Manor_Motorsport"
210,"2023-10-19 18:53:40.615142","2023-10-19 18:53:40.615142","Haas F1 Team","haas","American","http://en.wikipedia.org/wiki/Haas_F1_Team"
211,"2023-10-19 18:53:40.615142","2023-10-19 18:53:40.615142","Racing Point","racing_point","British","http://en.wikipedia.org/wiki/Racing_Point_F1_Team"
213,"2023-10-19 18:53:40.615142","2023-10-19 18:53:40.615142","AlphaTauri","alphatauri","Italian","http://en.wikipedia.org/wiki/Scuderia_AlphaTauri"
214,"2023-10-19 18:53:40.615142","2023-10-19 18:53:40.615142","Alpine F1 Team","alpine","French","http://en.wikipedia.org/wiki/Alpine_F1_Team"
